Timestamp,Action,Source,Destination,Result
2026-02-22T00:00:00Z,mkdir,N/A,_ops/,OK
2026-02-22T00:00:00Z,mkdir,N/A,_ops/runs/,OK
2026-02-22T00:00:00Z,mkdir,N/A,_deliverables/,OK
2026-02-22T00:00:00Z,mkdir,N/A,test/,OK
2026-02-22T00:00:00Z,mkdir,N/A,.github/scripts/,OK
2026-02-22T00:00:01Z,HALT,spec,.github/CODEOWNERS,SKIPPED — file exists
2026-02-22T00:00:02Z,create,spec,.github/workflows/validate-codeowners.yml,OK
2026-02-22T00:00:03Z,create,spec,.github/scripts/validate-artifact.sh,OK
2026-02-22T00:00:04Z,create,spec,test/test_session_start.sh,OK
2026-02-22T00:00:05Z,HALT,spec,.env.example,SKIPPED — file exists
2026-02-22T00:00:06Z,create,spec,CHANGELOG.md,OK
2026-02-22T00:00:07Z,append,spec,Makefile,OK — appended verify targets (renamed clean to clean-hardening)
2026-02-22T00:00:08Z,create,spec,.github/workflows/shellcheck.yml,OK
2026-02-22T00:00:09Z,create,spec,.github/workflows/validate-release.yml,OK
2026-02-22T00:00:10Z,create,spec,.github/scripts/pre-tag-check.sh,OK
2026-02-22T00:00:11Z,create,spec,_ops/execution-log.md,OK
2026-02-22T00:00:12Z,create,spec,_ops/actions.csv,OK
